SATZART;AGS;LAND;RB;KREIS;BEV;ERWERBST;ERWERBSL;NERWERB;ERW18;ERW18_29;ERW30_49;ERW50_64;ERW65;ERWOAUS;ERWBERUF;ERWHOCH
;00;Bund;Gesamt;Gesamt;79652370;39985940;2140860;37525570;452840;7739460;19179270;11271340;1343030;7282670;25051180;7652100
10;01;Schleswig-Holstein;Gesamt;Gesamt;2781010;1378920;72950;1329140;19250;249800;666900;386530;56450;263820;891590;223500
40;01001;Schleswig-Holstein;Gesamt;Flensburg, Stadt;81780;40290;3280;38210;/;10340;17320;10770;1370;9800;23120;7370
40;01002;Schleswig-Holstein;Gesamt;Kiel, Landes-hauptstadt;234550;114590;9800;110160;/;30650;52700;26940;3390;27810;61670;25110
40;01003;Schleswig-Holstein;Gesamt;Lübeck, Hansestadt;208000;100920;8200;98880;/;22040;48640;25250;3820;22690;60410;17820
40;01004;Schleswig-Holstein;Gesamt;Neumünster, Stadt;76280;36020;2880;37380;/;7780;16920;9850;1090;7620;24730;3660
40;01051;Schleswig-Holstein;Gesamt;Dithmarschen;132920;60780;3710;68430;1170;10290;28260;18410;2660;11750;42120;6910
40;01053;Schleswig-Holstein;Gesamt;Herzogtum Lauenburg;186110;92570;4420;89120;1110;14800;45650;27170;3840;17460;59550;15560
40;01054;Schleswig-Holstein;Gesamt;Nordfriesland;163010;81840;3280;77890;1520;15010;38920;22190;4200;14670;58070;9100
40;01055;Schleswig-Holstein;Gesamt;Ostholstein;196400;96350;4390;95660;1510;15210;45220;28770;5640;17990;65880;12470
40;01056;Schleswig-Holstein;Gesamt;Pinneberg;295380;151310;6620;137450;1800;26410;73600;42800;6700;29280;96310;25720
40;01057;Schleswig-Holstein;Gesamt;Plön;127150;61860;3070;62220;980;9030;30900;18140;2810;10250;41960;9650
40;01058;Schleswig-Holstein;Gesamt;Rendsburg-Eckernförde;267890;132540;5720;129630;2090;20680;66810;38110;4860;21590;85680;25270
40;01059;Schleswig-Holstein;Gesamt;Schleswig-Flensburg;194220;94600;4600;95020;1620;15360;45770;27790;4060;17960;64170;12470
40;01060;Schleswig-Holstein;Gesamt;Segeberg;258430;132690;5230;120510;1970;22360;65810;37760;4790;24240;88360;20090
40;01061;Schleswig-Holstein;Gesamt;Steinburg;130000;64680;3610;61710;1040;11420;31090;18850;2280;11370;45110;8200
40;01062;Schleswig-Holstein;Gesamt;Stormarn;228890;117880;4130;106870;1500;18390;59280;33760;4960;19320;74450;24110
10;02;Hamburg;Gesamt;Gesamt;1693120;861970;58660;772480;6590;187940;438580;198830;30020;180890;436060;245020
40;02000;Hamburg;Gesamt;Hamburg, Freie und Hansestadt;1693120;861970;58660;772480;6590;187940;438580;198830;30020;180890;436060;245020
10;03;Niedersachsen;Gesamt;Gesamt;7723680;3791120;191330;3741230;47400;713530;1826590;1070610;132980;738120;2446760;606230
20;031;Niedersachsen;Braunschweig;Gesamt;1565800;738180;45060;782560;7260;142050;358520;210440;19910;142280;465320;130580
40;03101;Niedersachsen;Braunschweig;Braunschweig, Stadt;240350;116830;8200;115320;/;26390;58860;28520;2270;22860;61240;32730
40;03102;Niedersachsen;Braunschweig;Salzgitter, Stadt;98470;41350;3580;53540;/;8000;19480;12770;950;9520;28080;3750
40;03103;Niedersachsen;Braunschweig;Wolfsburg, Stadt;119220;56910;3140;59170;/;14530;26460;14330;1010;13630;34060;9220
40;03151;Niedersachsen;Braunschweig;Gifhorn;169860;82430;3670;83760;1170;15010;41420;22900;1920;15930;54510;11990
40;03152;Niedersachsen;Braunschweig;Göttingen;246160;118770;7360;120020;1210;25410;54480;34020;3660;23300;68000;27480
40;03153;Niedersachsen;Braunschweig;Goslar;139160;62710;4600;71850;590;10880;29600;19460;2180;11430;42050;9230
40;03154;Niedersachsen;Braunschweig;Helmstedt;90920;42620;2210;46090;440;7550;20900;12790;940;8010;29060;5540
40;03155;Niedersachsen;Braunschweig;Northeim;136790;63490;3810;69490;700;10560;30110;20330;1790;11780;43850;7860
40;03156;Niedersachsen;Braunschweig;Osterode am Harz;76160;34240;2220;39690;/;5100;15950;11160;1660;5320;25540;3380
40;03157;Niedersachsen;Braunschweig;Peine;129670;61970;3300;64400;520;10240;31750;17840;1630;11360;42170;8440
40;03158;Niedersachsen;Braunschweig;Wolfenbüttel;119040;56860;2960;59220;740;8380;29520;16320;1900;9140;36760;10960
20;032;Niedersachsen;Hannover;Gesamt;2079440;1017480;58280;1003690;10200;186100;494340;287350;39490;195460;632040;189980
40;03241;Niedersachsen;Hannover;Region Hannover;1094760;542890;32290;519580;5000;104630;265860;145830;21580;106320;311860;124710
40;03251;Niedersachsen;Hannover;Diepholz;210440;108960;3630;97850;1450;18390;51410;32990;4720;20890;74600;13470
40;03252;Niedersachsen;Hannover;Hameln-Pyrmont;148510;69970;4370;74180;710;11850;32930;21140;3340;13090;47680;9190
40;03254;Niedersachsen;Hannover;Hildesheim;274830;130220;8490;136120;1420;24280;63000;37730;3800;23560;84630;22040
40;03255;Niedersachsen;Hannover;Holzminden;73120;32160;2330;38630;/;5340;15830;9370;1270;6110;22670;3390
40;03256;Niedersachsen;Hannover;Nienburg (Weser);121580;59120;3010;59450;610;9940;28540;18110;1930;11820;40400;6910
40;03257;Niedersachsen;Hannover;Schaumburg;156200;74150;4160;77890;650;11670;36780;22180;2860;13660;50220;10270
20;033;Niedersachsen;Lüneburg;Gesamt;1656020;822410;37890;795720;12300;142010;394790;239720;33600;152900;548690;120830
40;03351;Niedersachsen;Lüneburg;Celle;174550;84400;4810;85340;1320;14990;38650;26400;3040;15230;57600;11570
40;03352;Niedersachsen;Lüneburg;Cuxhaven;198100;95100;4110;98890;1230;16420;43850;29440;4150;17960;66020;11120
40;03353;Niedersachsen;Lüneburg;Harburg;237910;122280;5620;110010;2030;18650;61200;33940;6470;20560;80040;21680
40;03354;Niedersachsen;Lüneburg;Lüchow-Dannenberg;48720;21630;1040;26060;/;2760;10290;7240;1160;3750;15580;2310
40;03355;Niedersachsen;Lüneburg;Lüneburg;171820;84900;4130;82790;960;15520;42480;23540;2400;15570;51740;17600
40;03356;Niedersachsen;Lüneburg;Osterholz;110020;57340;2340;50340;860;9140;27090;17610;2630;10750;37410;9180
40;03357;Niedersachsen;Lüneburg;Rotenburg (Wümme);161220;84460;3600;73160;1790;16180;38730;24110;3640;17460;57420;9570
40;03358;Niedersachsen;Lüneburg;Soltau-Fallingbostel;135300;66860;3050;65400;1020;12210;31020;20000;2610;13500;46360;6990
40;03359;Niedersachsen;Lüneburg;Stade;194540;97950;4180;92420;1750;18150;48050;26420;3570;18360;65270;14310
40;03360;Niedersachsen;Lüneburg;Uelzen;92730;42810;2480;47450;/;7340;21800;11630;1650;8040;28600;6180
40;03361;Niedersachsen;Lüneburg;Verden;131090;64690;2520;63880;740;10650;31630;19390;2280;11730;42650;10320
20;034;Niedersachsen;Weser-Ems;Gesamt;2422420;1213050;50100;1159270;17650;243370;578940;333110;39980;247480;800720;164850
40;03401;Niedersachsen;Weser-Ems;Delmenhorst, Stadt;72900;33480;2570;36850;/;6160;16130;10120;810;7030;22950;3500
40;03402;Niedersachsen;Weser-Ems;Emden, Stadt;49360;22670;1270;25410;/;5410;10410;6200;/;5030;14350;3290
40;03403;Niedersachsen;Weser-Ems;Oldenburg (Oldenburg), Stadt;156120;80730;4300;71090;/;19950;37120;20910;2160;16050;42820;21860
40;03404;Niedersachsen;Weser-Ems;Osnabrück, Stadt;152570;77150;3900;71520;/;17470;36560;19340;3170;15470;40670;21000
40;03405;Niedersachsen;Weser-Ems;Wilhelmshaven, Stadt;76550;33220;3000;40330;/;7080;14710;9520;1170;7810;21060;4350
40;03451;Niedersachsen;Weser-Ems;Ammerland;117470;59460;2360;55660;670;10500;29040;17010;2240;10640;41110;7710
40;03452;Niedersachsen;Weser-Ems;Aurich;186430;84170;4180;98090;850;16020;41120;24000;2180;16360;57890;9910
40;03453;Niedersachsen;Weser-Ems;Cloppenburg;158630;80250;3010;75380;1540;18370;38020;20360;1950;19940;53120;7180
40;03454;Niedersachsen;Weser-Ems;Emsland;308680;158900;4310;145480;3160;33200;75830;42510;4190;30950;108990;18950
40;03455;Niedersachsen;Weser-Ems;Friesland;97740;47090;2290;48360;820;7500;22670;14030;2080;9170;32460;5460
40;03456;Niedersachsen;Weser-Ems;Grafschaft Bentheim;132740;68730;1940;62060;1100;13920;32710;18470;2530;14460;47460;6820
40;03457;Niedersachsen;Weser-Ems;Leer;163490;75130;4030;84320;1250;14880;36270;20380;2360;14010;53140;7980
40;03458;Niedersachsen;Weser-Ems;Oldenburg;123990;65500;2150;56330;800;10850;32050;19280;2520;12780;43910;8820
40;03459;Niedersachsen;Weser-Ems;Osnabrück;348180;184310;5970;157900;2900;34660;88020;51420;7300;37450;125050;21810
40;03460;Niedersachsen;Weser-Ems;Vechta;131230;73070;1590;56580;1270;15270;35180;19060;2290;17230;46540;9300
40;03461;Niedersachsen;Weser-Ems;Wesermarsch;89690;42920;2310;44460;/;7670;20340;12670;1750;8350;30440;4120
40;03462;Niedersachsen;Weser-Ems;Wittmund;56660;26280;930;29450;/;4460;12750;7830;910;4730;18750;2800
10;04;Bremen;Gesamt;Gesamt;646980;305520;23950;317510;2200;65920;141850;84480;11070;71450;163850;70220
40;04011;Bremen;Gesamt;Bremen, Stadt;539470;259710;18780;260990;2110;55470;121720;71270;9140;59910;134710;65090
40;04012;Bremen;Gesamt;Bremerhaven, Stadt;107510;45810;5180;56520;/;10460;20130;13200;1930;11540;29140;5140
10;05;Nordrhein-Westfalen;Gesamt;Gesamt;17436040;8418180;494360;8523490;77120;1628100;4075290;2363300;274370;1756260;5087740;1574190
20;051;Nordrhein-Westfalen;Düsseldorf;Gesamt;5048340;2401930;156580;2489820;21320;446780;1163250;682620;87960;513840;1430510;457580
40;05111;Nordrhein-Westfalen;Düsseldorf;Düsseldorf, Stadt;582760;295970;17450;269340;1750;56580;154640;71290;11710;60290;137820;97860
40;05112;Nordrhein-Westfalen;Düsseldorf;Duisburg, Stadt;486750;211760;23170;251820;1780;42410;101910;58430;7220;52320;131190;28240
40;05113;Nordrhein-Westfalen;Düsseldorf;Essen, Stadt;563160;254380;19670;289110;1430;49720;123060;70390;9780;55120;144810;54450
40;05114;Nordrhein-Westfalen;Düsseldorf;Krefeld, Stadt;221140;102840;7640;110650;/;18000;49060;30610;4000;22940;59940;19970
40;05116;Nordrhein-Westfalen;Düsseldorf;Mönchengladbach, Stadt;253720;116690;9790;127250;/;22170;53190;35450;4650;25350;73050;18280
40;05117;Nordrhein-Westfalen;Düsseldorf;Mülheim an der Ruhr, Stadt;166290;77800;4210;84290;/;14120;36660;23950;2530;16990;44610;16200
40;05119;Nordrhein-Westfalen;Düsseldorf;Oberhausen, Stadt;209220;90240;6800;112180;/;16840;44340;25000;3140;17430;61820;10990
40;05120;Nordrhein-Westfalen;Düsseldorf;Remscheid, Stadt;109550;52050;3750;53750;/;9660;24750;15290;1780;12910;32740;6400
40;05122;Nordrhein-Westfalen;Düsseldorf;Solingen, Stadt;154300;73930;4470;75890;/;14200;34190;21990;2760;18560;42460;12920
40;05124;Nordrhein-Westfalen;Düsseldorf;Wuppertal, Stadt;340960;157860;11340;171760;/;30740;76690;44040;5240;39280;90020;28570
40;05154;Nordrhein-Westfalen;Düsseldorf;Kleve;297510;153580;6230;137710;2270;29470;72410;43790;5630;31010;102550;20020
40;05158;Nordrhein-Westfalen;Düsseldorf;Mettmann;475280;234110;12280;228890;2530;39280;111970;70800;9540;47400;141190;45530
40;05162;Nordrhein-Westfalen;Düsseldorf;Rhein-Kreis Neuss;435790;213100;10380;212310;1710;38370;104360;61520;7140;42190;127980;42920
40;05166;Nordrhein-Westfalen;Düsseldorf;Viersen;293960;146430;7120;140410;1510;24750;72280;43000;4880;28970;94230;23230
40;05170;Nordrhein-Westfalen;Düsseldorf;Wesel;457960;221190;12290;224490;1940;40480;103740;67060;7960;43080;146110;32010
20;053;Nordrhein-Westfalen;Köln;Gesamt;4262300;2097460;119140;2045710;18410;407560;1035090;569520;66880;450360;1154180;492910
40;05314;Nordrhein-Westfalen;Köln;Bonn, Stadt;304020;153240;8100;142680;/;30750;79490;38230;4660;31300;58340;63600
40;05315;Nordrhein-Westfalen;Köln;Köln, Stadt;997900;504530;37410;455960;2050;111520;261160;114560;15240;118190;226390;159950
40;05316;Nordrhein-Westfalen;Köln;Leverkusen, Stadt;158590;74880;4310;79400;/;14400;37890;19890;1760;16750;44850;13270
40;05334;Nordrhein-Westfalen;Köln;Städteregion Aachen;537110;253130;16080;267890;2610;52370;119090;70940;8120;55940;138050;59140
40;05358;Nordrhein-Westfalen;Köln;Düren;257640;123510;7350;126780;1030;22350;58910;36980;4240;27360;78420;17730
40;05362;Nordrhein-Westfalen;Köln;Rhein-Erft-Kreis;449990;218400;10490;221100;2370;38520;108200;63000;6300;46160;132680;39560
40;05366;Nordrhein-Westfalen;Köln;Euskirchen;186360;92380;4170;89810;910;16090;44410;27380;3600;19550;59880;12950
40;05370;Nordrhein-Westfalen;Köln;Heinsberg;246810;118650;5960;122200;1520;22660;57070;33800;3610;25690;77940;15020
40;05374;Nordrhein-Westfalen;Köln;Oberbergischer Kreis;271270;133150;6470;131650;1690;24850;64000;38500;4100;29230;86960;16960
40;05378;Nordrhein-Westfalen;Köln;Rheinisch-Bergischer Kreis;276840;139490;6330;131030;1750;22330;68090;41680;5630;25680;82080;31730
40;05382;Nordrhein-Westfalen;Köln;Rhein-Sieg-Kreis;575770;286110;12460;277200;3440;51700;136800;84560;9610;54520;168600;62990
20;055;Nordrhein-Westfalen;Münster;Gesamt;2554820;1243890;64620;1246310;13370;250760;599060;345010;35690;236250;804300;203330
40;05512;Nordrhein-Westfalen;Münster;Bottrop, Stadt;116820;54310;3530;58980;/;10820;27460;14080;1400;10750;36890;6660
40;05513;Nordrhein-Westfalen;Münster;Gelsenkirchen, Stadt;256800;103160;12540;141110;/;22380;48300;29380;2260;23830;67210;12120
40;05515;Nordrhein-Westfalen;Münster;Münster, Stadt;287060;151310;7750;128000;/;39750;68890;37320;4580;28790;66720;55790
40;05554;Nordrhein-Westfalen;Münster;Borken;360360;191740;5470;163150;3740;41100;90050;50990;5860;36760;133620;21360
40;05558;Nordrhein-Westfalen;Münster;Coesfeld;213540;111720;3200;98620;1590;19820;53250;33520;3550;17630;75390;18700
40;05562;Nordrhein-Westfalen;Münster;Recklinghausen;616970;275780;19970;321220;2190;52160;135360;78780;7280;53670;182080;40030
40;05566;Nordrhein-Westfalen;Münster;Steinfurt;431660;220740;7290;203620;2580;40130;110470;61100;6460;41510;149280;29960
40;05570;Nordrhein-Westfalen;Münster;Warendorf;271610;135130;4870;131610;1110;24600;65280;39830;4300;23320;93110;18700
20;057;Nordrhein-Westfalen;Detmold;Gesamt;2014890;985270;49950;979670;9580;194160;470000;280710;30830;200470;626250;158550
40;05711;Nordrhein-Westfalen;Detmold;Bielefeld, Stadt;323650;151050;9790;162820;/;33310;72430;40410;4330;33390;79180;38480
40;05754;Nordrhein-Westfalen;Detmold;Gütersloh;348860;177690;6930;164240;1190;34200;85970;50930;5410;35380;118450;23860
40;05758;Nordrhein-Westfalen;Detmold;Herford;249590;123130;6480;119980;980;22630;59610;35820;4100;24810;81800;16520
40;05762;Nordrhein-Westfalen;Detmold;Höxter;144390;70430;2750;71220;800;13310;32910;21400;2010;12210;49430;8780
40;05766;Nordrhein-Westfalen;Detmold;Lippe;345860;164840;8800;172220;2250;29860;76880;49290;6560;33270;105900;25680
40;05770;Nordrhein-Westfalen;Detmold;Minden-Lübbecke;309320;147090;8290;153930;1740;27130;70100;43560;4570;29130;98330;19640
40;05774;Nordrhein-Westfalen;Detmold;Paderborn;293210;151030;6920;135270;2050;33730;72100;39290;3850;32280;93160;25590
20;059;Nordrhein-Westfalen;Arnsberg;Gesamt;3555690;1689640;104070;1761980;14440;328850;807890;485440;53020;355330;1072490;261810
40;05911;Nordrhein-Westfalen;Arnsberg;Bochum, Stadt;360470;167430;11760;181280;/;34150;81610;46440;4280;33410;98530;35490
40;05913;Nordrhein-Westfalen;Arnsberg;Dortmund, Stadt;568820;262610;23240;282980;1680;56590;127980;67900;8450;57340;152060;53200
40;05914;Nordrhein-Westfalen;Arnsberg;Hagen, Stadt;187010;85500;6660;94850;/;15970;39550;27190;2010;22170;51530;11800
40;05915;Nordrhein-Westfalen;Arnsberg;Hamm, Stadt;175310;81380;5970;87970;/;16020;38180;23520;2770;16510;55730;9140
40;05916;Nordrhein-Westfalen;Arnsberg;Herne, Stadt;154590;64450;5710;84420;/;12550;32820;17610;1280;14510;42070;7880
40;05954;Nordrhein-Westfalen;Arnsberg;Ennepe-Ruhr-Kreis;324540;156620;8490;159430;1190;27310;75600;46340;6180;29750;98400;28470
40;05958;Nordrhein-Westfalen;Arnsberg;Hochsauerlandkreis;263990;134680;4840;124470;1850;24400;62280;40850;5310;27400;91470;15810
40;05962;Nordrhein-Westfalen;Arnsberg;Märkischer Kreis;421390;204530;10920;205940;1860;39430;97220;59270;6750;48320;132270;23940
40;05966;Nordrhein-Westfalen;Arnsberg;Olpe;135720;70190;2480;63060;850;14760;33370;18990;2220;15970;46400;7820
40;05970;Nordrhein-Westfalen;Arnsberg;Siegen-Wittgenstein;275960;138330;5250;132380;1890;29300;61940;40690;4520;29070;89380;19880
40;05974;Nordrhein-Westfalen;Arnsberg;Soest;293550;145330;6360;141860;1300;26200;69310;43780;4720;28200;96010;21110
40;05978;Nordrhein-Westfalen;Arnsberg;Unna;394350;178580;12400;203360;970;32190;88040;52860;4520;32670;118640;27270
10;06;Hessen;Gesamt;Gesamt;5946070;2990290;135070;2820710;34770;563030;1473880;815380;103220;622980;1712300;655010
20;064;Hessen;Darmstadt;Gesamt;3726860;1895250;86980;1744640;20600;346570;956700;501730;69650;403690;1016060;475500
40;06411;Hessen;Darmstadt;Darmstadt, Wissenschaftsstadt;142630;69140;4100;69390;/;15000;34070;16730;2730;17210;27350;24580
40;06412;Hessen;Darmstadt;Frankfurt am Main, Stadt;665650;350440;19820;295390;3090;71850;188470;75860;11160;84950;139980;125510
40;06413;Hessen;Darmstadt;Offenbach am Main, Stadt;113210;55200;3790;54220;460;12360;27160;13620;1600;16240;27280;11680
40;06414;Hessen;Darmstadt;Wiesbaden, Landeshauptstadt;268070;132550;5960;129560;/;24270;70140;32710;4220;26800;62520;43230
40;06431;Hessen;Darmstadt;Bergstraße;259760;133850;5430;120490;1750;23090;62930;40340;5730;25760;84390;23690
40;06432;Hessen;Darmstadt;Darmstadt-Dieburg;280900;146280;5590;129020;2090;25570;72110;41490;5010;30330;83570;32370
40;06433;Hessen;Darmstadt;Groß-Gerau;250540;126520;5800;118230;1450;24100;63760;33330;3870;29890;74190;22440
40;06434;Hessen;Darmstadt;Hochtaunuskreis;225340;113010;4410;107920;1460;16140;58470;31230;5710;20270;57480;35260
40;06435;Hessen;Darmstadt;Main-Kinzig-Kreis;399290;199310;8480;191500;2250;36960;96980;55320;7800;42330;125210;31770
40;06436;Hessen;Darmstadt;Main-Taunus-Kreis;223520;114650;4000;104880;1260;18140;59990;30920;4320;20020;60930;33690
40;06437;Hessen;Darmstadt;Odenwaldkreis;96040;46890;2090;47050;610;8880;21800;13740;1850;9540;31630;5720
40;06438;Hessen;Darmstadt;Offenbach;331710;168610;8210;154900;1770;30250;84500;45650;6440;36460;96510;35640
40;06439;Hessen;Darmstadt;Rheingau-Taunus-Kreis;179150;93930;3140;82080;920;15340;44410;29080;4180;17230;54590;22120
40;06440;Hessen;Darmstadt;Wetteraukreis;291050;144880;6160;140010;1630;24620;71920;41700;5010;26660;90420;27810
20;065;Hessen;Gießen;Gesamt;1019860;508080;23210;488570;6660;103430;239940;143510;14540;107470;311730;88890
40;06531;Hessen;Gießen;Gießen;250010;124440;7260;118320;1480;27550;57560;34530;3320;27720;69670;27050
40;06532;Hessen;Gießen;Lahn-Dill-Kreis;252350;125510;5000;121840;1790;25040;59440;35130;4120;26430;80950;18130
40;06533;Hessen;Gießen;Limburg-Weilburg;170190;82420;3420;84350;1200;15810;40940;22210;2260;16870;52310;13230
40;06534;Hessen;Gießen;Marburg-Biedenkopf;240010;121220;5550;113240;1370;25440;56230;34830;3350;25650;71170;24400
40;06535;Hessen;Gießen;Vogelsbergkreis;107300;54500;1990;50810;830;9600;25780;16810;1480;10790;37620;6090
20;066;Hessen;Kassel;Gesamt;1199340;586960;24880;587510;7510;113030;277240;170130;19040;111820;384520;90620
40;06611;Hessen;Kassel;Kassel, documenta-Stadt;189770;89950;6700;93110;/;20540;41450;23680;3360;20570;44560;24820
40;06631;Hessen;Kassel;Fulda;215150;108230;3260;103670;1690;23410;51120;29490;2510;19670;72510;16040
40;06632;Hessen;Kassel;Hersfeld-Rotenburg;120230;57960;1950;60320;790;11680;27000;17010;1490;11070;40120;6770
40;06633;Hessen;Kassel;Kassel;234290;116710;3690;113880;1590;18610;56490;35650;4380;20720;78720;17270
40;06634;Hessen;Kassel;Schwalm-Eder-Kreis;180180;87970;4170;88040;1100;15580;42400;25860;3030;16930;59660;11390
40;06635;Hessen;Kassel;Waldeck-Frankenberg;158030;78390;2600;77040;970;14990;36990;22890;2550;14990;54610;8800
40;06636;Hessen;Kassel;Werra-Meißner-Kreis;101690;47730;2520;51440;470;8210;21780;15560;1710;7870;34330;5530
10;07;Rheinland-Pfalz;Gesamt;Gesamt;3969400;2007250;87330;1874820;27690;388030;938270;585860;67400;398990;1280080;328180
20;071;Rheinland-Pfalz;Koblenz;Gesamt;1474480;746720;29540;698210;12190;141070;346430;220320;26720;145730;496160;104840
40;07111;Rheinland-Pfalz;Koblenz;Koblenz, kreisfreie Stadt;107040;53370;2170;51500;/;11670;25010;14060;1870;10990;30210;12160
40;07131;Rheinland-Pfalz;Koblenz;Ahrweiler;125590;62400;2350;60830;1190;10770;28850;19000;2600;11680;40810;9910
40;07132;Rheinland-Pfalz;Koblenz;Altenkirchen (Westerwald);130250;65640;2530;62080;1100;12400;30720;19260;2150;12900;45360;7370
40;07133;Rheinland-Pfalz;Koblenz;Bad Kreuznach;154620;76040;3620;74960;1000;13890;35070;23060;3010;14820;50460;10760
40;07134;Rheinland-Pfalz;Koblenz;Birkenfeld;82260;40090;2130;40050;700;7170;17120;13180;1910;9630;26320;4150
40;07135;Rheinland-Pfalz;Koblenz;Cochem-Zell;63110;32800;850;29450;520;6340;14740;9950;1270;6120;22720;3970
40;07137;Rheinland-Pfalz;Koblenz;Mayen-Koblenz;208580;106580;3950;98050;1640;20270;50030;31080;3560;19260;72870;14450
40;07138;Rheinland-Pfalz;Koblenz;Neuwied;179690;89200;4280;86210;1310;16460;41810;26620;3000;17760;58850;12590
40;07140;Rheinland-Pfalz;Koblenz;Rhein-Hunsrück-Kreis;101900;54420;1500;45980;1040;10790;25040;15740;1810;11030;36360;7020
40;07141;Rheinland-Pfalz;Koblenz;Rhein-Lahn-Kreis;121770;62470;2330;56970;930;11470;28700;19110;2260;11180;42550;8740
40;07143;Rheinland-Pfalz;Koblenz;Westerwaldkreis;199660;103720;3820;92120;2000;19830;49340;29260;3280;20360;69650;13700
20;072;Rheinland-Pfalz;Trier;Gesamt;514550;270670;8240;235640;4500;54440;125690;76620;9430;53230;175680;41770
40;07211;Rheinland-Pfalz;Trier;Trier, kreisfreie Stadt;104830;54690;2330;47820;/;14850;23830;13710;1490;13500;26190;15000
40;07231;Rheinland-Pfalz;Trier;Bernkastel-Wittlich;111160;60070;1650;49440;1020;10930;27850;17840;2430;11380;42410;6280
40;07232;Rheinland-Pfalz;Trier;Eifelkreis Bitburg-Prüm;95080;50190;1290;43600;1050;9440;23430;14350;1910;9120;35470;5610
40;07233;Rheinland-Pfalz;Trier;Vulkaneifel;61770;31130;940;29700;420;5970;13640;10030;1070;6380;21320;3430
40;07235;Rheinland-Pfalz;Trier;Trier-Saarburg;141710;74600;2030;65080;1200;13250;36940;20690;2520;12850;50300;11450
20;073;Rheinland-Pfalz;Rheinhessen-Pfalz;Gesamt;1980370;989850;49560;940970;10990;192520;466160;288920;31250;200040;608240;181570
40;07311;Rheinland-Pfalz;Rheinhessen-Pfalz;Frankenthal (Pfalz), kreisfreie Stadt;46070;21380;1310;23390;/;4400;9870;6500;480;4720;13490;3170
40;07312;Rheinland-Pfalz;Rheinhessen-Pfalz;Kaiserslautern, kreisfreie Stadt;96040;43840;4510;47690;/;10450;19760;12130;1210;11260;23550;9030
40;07313;Rheinland-Pfalz;Rheinhessen-Pfalz;Landau in der Pfalz, kreisfreie Stadt;42790;22640;750;19400;/;5050;10740;5940;720;4680;13070;4890
40;07314;Rheinland-Pfalz;Rheinhessen-Pfalz;Ludwigshafen am Rhein, kreisfreie Stadt;157200;71970;5550;79680;/;16720;34700;18460;1380;18500;43560;9910
40;07315;Rheinland-Pfalz;Rheinhessen-Pfalz;Mainz, kreisfreie Stadt;199820;103070;6230;90520;/;25820;47650;24590;4330;23730;43070;36270
40;07316;Rheinland-Pfalz;Rheinhessen-Pfalz;Neustadt an der Weinstraße, kreisfreie Stadt;52030;24560;1390;26080;/;4410;11500;7660;760;4450;15160;4950
40;07317;Rheinland-Pfalz;Rheinhessen-Pfalz;Pirmasens, kreisfreie Stadt;40250;16640;1890;21720;/;3620;7580;4850;390;4810;9700;2130
40;07318;Rheinland-Pfalz;Rheinhessen-Pfalz;Speyer, kreisfreie Stadt;49350;24300;1150;23900;/;4440;10940;7920;740;5100;13330;5870
40;07319;Rheinland-Pfalz;Rheinhessen-Pfalz;Worms, kreisfreie Stadt;78890;38800;1840;38250;/;8210;17590;11410;1140;9200;23030;6570
40;07320;Rheinland-Pfalz;Rheinhessen-Pfalz;Zweibrücken, kreisfreie Stadt;33820;15800;990;17040;/;3470;7480;4320;/;3170;10610;2020
40;07331;Rheinland-Pfalz;Rheinhessen-Pfalz;Alzey-Worms;124540;66160;2740;55640;720;12230;30820;20100;2290;12180;44110;9880
40;07332;Rheinland-Pfalz;Rheinhessen-Pfalz;Bad Dürkheim;130450;65430;2660;62370;760;10630;30470;21190;2380;11680;41920;11830
40;07333;Rheinland-Pfalz;Rheinhessen-Pfalz;Donnersbergkreis;75480;37730;1810;35930;560;6430;18230;11340;1180;7410;25500;4820
40;07334;Rheinland-Pfalz;Rheinhessen-Pfalz;Germersheim;123510;63920;2570;57010;900;12220;30920;18050;1830;12510;42880;8520
40;07335;Rheinland-Pfalz;Rheinhessen-Pfalz;Kaiserslautern;105030;52370;2510;50140;540;9720;23770;17030;1310;9720;34970;7690
40;07336;Rheinland-Pfalz;Rheinhessen-Pfalz;Kusel;72600;36260;1580;34760;450;6780;16800;11360;880;6510;26340;3410
40;07337;Rheinland-Pfalz;Rheinhessen-Pfalz;Südliche Weinstraße;107580;56680;1660;49230;920;9660;26320;17410;2380;10130;38420;8130
40;07338;Rheinland-Pfalz;Rheinhessen-Pfalz;Rhein-Pfalz-Kreis;146500;72190;2140;72160;760;11470;35380;22270;2320;12100;47650;12450
40;07339;Rheinland-Pfalz;Rheinhessen-Pfalz;Mainz-Bingen;200250;107160;4230;88860;1550;17560;53310;30980;3760;17680;64970;24510
40;07340;Rheinland-Pfalz;Rheinhessen-Pfalz;Südwestpfalz;98160;48930;2040;47190;570;9240;22350;15430;1340;10510;32890;5530
10;08;Baden-Württemberg;Gesamt;Gesamt;10411000;5413480;195140;4802380;84950;1063460;2575910;1506500;182660;1066710;3317260;1029510
20;081;Baden-Württemberg;Stuttgart;Gesamt;3888630;2015980;76440;1796210;30360;388820;980970;549850;65970;391990;1227280;396710
40;08111;Baden-Württemberg;Stuttgart;Stuttgart;581390;301380;16020;263990;2600;64870;154180;68900;10830;64210;140420;96750
40;08115;Baden-Württemberg;Stuttgart;Böblingen;361660;187800;6670;167190;2660;35740;90690;51970;6750;36480;113120;38210
40;08116;Baden-Württemberg;Stuttgart;Esslingen;500360;259990;9460;230910;4020;48590;125820;72150;9410;49050;156620;54330
40;08117;Baden-Württemberg;Stuttgart;Göppingen;246430;126220;5430;114780;2370;22940;60390;35870;4650;25390;81380;19450
40;08118;Baden-Württemberg;Stuttgart;Ludwigsburg;506780;264310;9180;233280;3830;49410;131700;71320;8050;48980;159890;55440
40;08119;Baden-Württemberg;Stuttgart;Rems-Murr-Kreis;403330;209710;7900;185720;3350;36980;102010;59690;7680;40120;132170;37410
40;08121;Baden-Württemberg;Stuttgart;Heilbronn, Stadt;114900;56830;3010;55060;/;11650;28030;14970;1460;13720;33780;9330
40;08125;Baden-Württemberg;Stuttgart;Heilbronn;321680;169880;5260;146540;3310;32380;82020;47390;4780;30450;114800;24620
40;08126;Baden-Württemberg;Stuttgart;Hohenlohekreis;106650;58750;1430;46470;1140;11700;27230;16950;1730;11910;39870;6970
40;08127;Baden-Württemberg;Stuttgart;Schwäbisch Hall;184650;97870;2880;83900;1790;20200;44420;28210;3250;19310;65590;12970
40;08128;Baden-Württemberg;Stuttgart;Main-Tauber-Kreis;129840;66760;1590;61490;870;12530;30590;20700;2060;12270;45540;8950
40;08135;Baden-Württemberg;Stuttgart;Heidenheim;127390;61510;2590;63290;960;12060;29190;18030;1270;12040;40740;8740
40;08136;Baden-Württemberg;Stuttgart;Ostalbkreis;303580;154970;5030;143580;2740;29770;74700;43700;4050;28060;103360;23550
20;082;Baden-Württemberg;Karlsruhe;Gesamt;2643800;1353690;54090;1236020;17670;267740;649100;377970;41220;260380;813930;279380
40;08211;Baden-Württemberg;Karlsruhe;Baden-Baden;51890;25840;1030;25030;/;4650;11430;7860;1460;5060;14670;6110
40;08212;Baden-Württemberg;Karlsruhe;Karlsruhe, Stadt;285080;149170;7190;128720;1150;31360;72700;39400;4560;27480;72860;48830
40;08215;Baden-Württemberg;Karlsruhe;Karlsruhe;422090;219440;7040;195620;3310;40540;106000;63990;5590;39060;142540;37830
40;08216;Baden-Württemberg;Karlsruhe;Rastatt;221750;116720;3890;101150;1790;22160;55290;34640;2850;21210;78220;17290
40;08221;Baden-Württemberg;Karlsruhe;Heidelberg;145250;72370;3420;69460;/;17190;34250;17240;3080;14780;27790;29800
40;08222;Baden-Württemberg;Karlsruhe;Mannheim;287810;140530;8250;139030;/;33140;69050;34030;3350;35460;72890;32170
40;08225;Baden-Württemberg;Karlsruhe;Neckar-Odenwald-Kreis;140850;70530;2010;68310;1010;13710;33470;20750;1590;13020;49720;7790
40;08226;Baden-Württemberg;Karlsruhe;Rhein-Neckar-Kreis;521080;267830;10470;242780;3300;48560;130750;76880;8340;47190;162600;58040
40;08231;Baden-Württemberg;Karlsruhe;Pforzheim;113790;53990;3610;56190;/;11810;24360;15260;2090;12810;32430;8750
40;08235;Baden-Württemberg;Karlsruhe;Calw;149000;77040;2500;69450;1360;14080;35300;23240;3060;14760;51290;10990
40;08236;Baden-Württemberg;Karlsruhe;Enzkreis;190120;98680;2800;88640;1750;18320;47300;28280;3040;17000;66830;14840
40;08237;Baden-Württemberg;Karlsruhe;Freudenstadt;115090;61560;1890;51630;1520;12220;29200;16410;2210;12550;42080;6940
20;083;Baden-Württemberg;Freiburg;Gesamt;2131030;1117570;37680;975780;18960;223350;513290;320040;41930;231960;697140;188470
40;08311;Baden-Württemberg;Freiburg;Freiburg im Breisgau;207220;107470;5590;94150;/;26470;49120;26440;4340;23140;44880;39460
40;08315;Baden-Württemberg;Freiburg;Breisgau-Hochschwarzwald;246270;130480;3610;112170;2620;24080;60330;38460;5000;23970;84180;22330
40;08316;Baden-Württemberg;Freiburg;Emmendingen;155620;83620;2220;69790;1130;16040;38000;25730;2730;16620;54780;12220
40;08317;Baden-Württemberg;Freiburg;Ortenaukreis;407120;215270;6570;185280;3810;41210;100050;62990;7210;45020;143320;26930
40;08325;Baden-Württemberg;Freiburg;Rottweil;135530;72460;2130;60940;1670;14010;32950;20790;3040;15070;48320;9060
40;08326;Baden-Württemberg;Freiburg;Schwarzwald-Baar-Kreis;202380;104140;3310;94930;1790;20360;46170;31980;3840;22650;68340;13160
40;08327;Baden-Württemberg;Freiburg;Tuttlingen;131420;69230;2350;59840;1240;14780;31300;19320;2590;15910;45790;7530
40;08335;Baden-Württemberg;Freiburg;Konstanz;265640;136200;4820;124610;2270;27400;63830;36980;5710;27770;79900;28530
40;08336;Baden-Württemberg;Freiburg;Lörrach;217400;113280;4450;99670;1890;22110;52910;32230;4140;23430;71290;18560
40;08337;Baden-Württemberg;Freiburg;Waldshut;162430;85410;2620;74390;1440;16900;38630;25120;3320;18390;56330;10690
20;084;Baden-Württemberg;Tübingen;Gesamt;1747530;926240;26930;794360;17960;183540;432550;258640;33540;182380;578910;164950
40;08415;Baden-Württemberg;Tübingen;Reutlingen;271190;143480;5540;122170;2660;26300;67320;41330;5880;26990;90660;25830
40;08416;Baden-Württemberg;Tübingen;Tübingen;210390;110600;3260;96530;1610;24380;51690;29880;3040;21760;56490;32360
40;08417;Baden-Württemberg;Tübingen;Zollernalbkreis;184800;95080;3360;86360;1710;18630;43660;28500;2580;21270;62030;11790
40;08421;Baden-Württemberg;Tübingen;Ulm;115220;61050;1990;52170;/;14150;28390;15830;1980;13780;31320;15950
40;08425;Baden-Württemberg;Tübingen;Alb-Donau-Kreis;185280;100300;2150;82830;2270;19820;47490;27530;3190;18890;66880;14540
40;08426;Baden-Württemberg;Tübingen;Biberach;186140;98320;2030;85780;1680;20430;45500;27550;3160;17630;67830;12860
40;08435;Baden-Württemberg;Tübingen;Bodenseekreis;201610;106010;2630;92970;2060;19380;49120;30200;5240;18750;66030;21230
40;08436;Baden-Württemberg;Tübingen;Ravensburg;266510;144320;3760;118430;3630;27780;68530;38730;5650;29310;92640;22380
40;08437;Baden-Württemberg;Tübingen;Sigmaringen;126390;67070;2200;57130;1630;12670;30860;19100;2820;14020;45030;8020
10;09;Bayern;Gesamt;Gesamt;12308230;6524800;214390;5569050;104890;1293550;3131430;1758050;236880;1156710;4177050;1191030
20;091;Bayern;Oberbayern;Gesamt;4295500;2326810;71360;1897320;33890;458390;1146040;591620;96860;400230;1339740;586840
40;09161;Bayern;Oberbayern;Ingolstadt, Stadt;123980;65450;2220;56310;870;14860;32360;15640;1720;12240;38740;14470
40;09162;Bayern;Oberbayern;München, Landeshauptstadt;1338830;741860;28780;568200;5580;162260;380850;164460;28700;143160;321740;276960
40;09163;Bayern;Oberbayern;Rosenheim, Stadt;58930;31530;1410;25990;/;6960;15070;7890;1210;6350;19350;5820
40;09171;Bayern;Oberbayern;Altötting;105180;53690;1830;49670;850;9800;25120;15680;2240;9290;37470;6920
40;09172;Bayern;Oberbayern;Berchtesgadener Land;99730;53170;1520;45040;1050;10730;23720;14940;2730;8390;37850;6930
40;09173;Bayern;Oberbayern;Bad Tölz-Wolfratshausen;118330;64440;1730;52160;1350;11880;29930;18410;2860;11150;40940;12340
40;09174;Bayern;Oberbayern;Dachau;137230;78120;1640;57470;1560;15140;38640;20050;2730;13810;50290;14020
40;09175;Bayern;Oberbayern;Ebersberg;126580;68230;1840;56510;1260;11250;34910;17810;3000;9900;42280;16050
40;09176;Bayern;Oberbayern;Eichstätt;123120;66210;1400;55510;1270;14130;31660;17180;1970;11780;44440;9990
40;09177;Bayern;Oberbayern;Erding;124390;71720;1640;51030;1690;14340;34920;18130;2630;11660;49250;10800
40;09178;Bayern;Oberbayern;Freising;162090;92790;1930;67370;1570;19390;46720;22060;3050;15340;58110;19340
40;09179;Bayern;Oberbayern;Fürstenfeldbruck;200520;106400;3140;90990;1780;18280;51660;30140;4540;15450;65370;25580
40;09180;Bayern;Oberbayern;Garmisch-Partenkirchen;83680;41980;1220;40470;710;7270;20530;11090;2380;6670;28250;7070
40;09181;Bayern;Oberbayern;Landsberg am Lech;111840;60370;1540;49920;1250;11270;28390;16930;2530;9210;38970;12200
40;09182;Bayern;Oberbayern;Miesbach;92900;49880;1140;41880;670;8120;22990;14990;3100;6760;32800;10320
40;09183;Bayern;Oberbayern;Mühldorf a.Inn;105150;54270;1860;49010;860;10410;24920;15530;2550;8810;39450;6010
40;09184;Bayern;Oberbayern;München;314220;163190;4310;146720;2480;26580;84050;42830;7250;23500;86880;52800
40;09185;Bayern;Oberbayern;Neuburg-Schrobenhausen;89460;48750;1110;39600;900;9640;22870;13670;1670;9380;34000;5370
40;09186;Bayern;Oberbayern;Pfaffenhofen a.d.Ilm;115500;63500;1610;50390;1200;11860;31280;16700;2460;11660;42790;9040
40;09187;Bayern;Oberbayern;Rosenheim;242290;130500;3410;108380;2240;25010;61180;35950;6110;19930;88990;21570
40;09188;Bayern;Oberbayern;Starnberg;126560;64860;2030;59670;1250;9080;31580;18540;4400;9910;33870;21080
40;09189;Bayern;Oberbayern;Traunstein;167330;87390;2430;77510;1510;16630;40330;24690;4230;14680;61440;11270
40;09190;Bayern;Oberbayern;Weilheim-Schongau;127690;68530;1640;57530;1590;13470;32370;18290;2800;11170;46470;10880
20;092;Bayern;Niederbayern;Gesamt;1165490;615010;18330;532150;11490;122590;291400;170000;19520;111910;433890;69220
40;09261;Bayern;Niederbayern;Landshut, Stadt;62850;31400;1230;30220;/;6450;15600;8100;960;5600;18260;7540
40;09262;Bayern;Niederbayern;Passau, Stadt;48270;23010;1340;23930;/;5210;10490;6190;1040;4670;12740;5600
40;09263;Bayern;Niederbayern;Straubing, Stadt;42910;21920;1270;19710;/;4610;9860;6530;600;4350;14480;3090
40;09271;Bayern;Niederbayern;Deggendorf;113700;60990;1660;51040;1100;12430;28870;17000;1600;10300;44200;6500
40;09272;Bayern;Niederbayern;Freyung-Grafenau;77700;39380;1300;37020;920;7630;19400;10750;680;8470;28250;2660
40;09273;Bayern;Niederbayern;Kelheim;111880;61320;1610;48940;1400;12390;28770;16770;2000;10450;44490;6380
40;09274;Bayern;Niederbayern;Landshut;146670;80270;2110;64290;1410;15080;40320;21050;2410;13130;57190;9950
40;09275;Bayern;Niederbayern;Passau;183470;96530;2590;84350;1700;18530;44780;27850;3670;18060;69010;9460
40;09276;Bayern;Niederbayern;Regen;76400;38860;1270;36270;750;7620;18180;11230;1080;9240;26330;3290
40;09277;Bayern;Niederbayern;Rottal-Inn;116360;61210;1800;53350;1280;12240;27630;17950;2110;10840;44870;5510
40;09278;Bayern;Niederbayern;Straubing-Bogen;95510;51310;1240;42960;1130;9960;24790;13780;1650;8110;38080;5120
40;09279;Bayern;Niederbayern;Dingolfing-Landau;89770;48810;890;40070;1120;10440;22710;12820;1720;8690;36000;4120
20;093;Bayern;Oberpfalz;Gesamt;1064090;566100;16040;481940;10240;115210;268960;154310;17390;99790;390020;76290
40;09361;Bayern;Oberpfalz;Amberg, Stadt;41150;20430;1220;19490;390;4240;9230;6050;530;3650;13770;3010
40;09362;Bayern;Oberpfalz;Regensburg, Stadt;134290;68570;2650;63070;/;16400;35590;14340;1710;11540;35370;21660
40;09363;Bayern;Oberpfalz;Weiden i.d.OPf., Stadt;41470;20890;1190;19390;/;4280;9760;5740;880;4500;13050;3340
40;09371;Bayern;Oberpfalz;Amberg-Sulzbach;102880;55240;1470;46180;1120;10740;25180;16720;1480;10130;39350;5760
40;09372;Bayern;Oberpfalz;Cham;124910;68120;1350;55430;1540;14070;31120;19120;2270;13810;49190;5120
40;09373;Bayern;Oberpfalz;Neumarkt i.d.OPf.;125440;68380;1610;55440;1590;14150;31240;19260;2140;11410;50230;6750
40;09374;Bayern;Oberpfalz;Neustadt a.d.Waldnaab;95920;50750;1200;43970;950;10500;23970;13790;1520;8930;37180;4650
40;09375;Bayern;Oberpfalz;Regensburg;181940;98490;2120;81330;1530;17500;48860;27610;2990;15140;67260;16090
40;09376;Bayern;Oberpfalz;Schwandorf;141440;77230;2060;62150;1580;15790;36310;20880;2670;14020;56210;7010
40;09377;Bayern;Oberpfalz;Tirschenreuth;74640;37990;1160;35490;/;7540;17690;10800;1210;6660;28420;2920
20;094;Bayern;Oberfranken;Gesamt;1056800;540430;21780;494590;8070;102830;254560;157520;17450;97360;370260;72800
40;09461;Bayern;Oberfranken;Bamberg, Stadt;70300;34780;1680;33830;/;7570;16620;8870;1410;7130;18260;9390
40;09462;Bayern;Oberfranken;Bayreuth, Stadt;69110;32250;1960;34910;/;7540;14280;9170;1060;7470;17110;7670
40;09463;Bayern;Oberfranken;Coburg, Stadt;40810;20040;1280;19490;/;4240;8740;5850;980;3780;12240;4020
40;09464;Bayern;Oberfranken;Hof, Stadt;44220;19370;1470;23380;/;3320;8990;6190;700;3660;13100;2610
40;09471;Bayern;Oberfranken;Bamberg;143080;80270;1960;60850;1820;15450;39240;21210;2560;13930;58160;8180
40;09472;Bayern;Oberfranken;Bayreuth;105270;56020;1820;47430;900;10140;27000;16140;1840;8790;41300;5930
40;09473;Bayern;Oberfranken;Coburg;87690;45840;1860;40000;710;8270;21620;14030;1210;9610;31840;4390
40;09474;Bayern;Oberfranken;Forchheim;112450;59270;1810;51360;1100;12180;26770;17400;1830;9600;39170;10500
40;09475;Bayern;Oberfranken;Hof;98740;48760;2040;47940;/;8850;22720;15330;1270;6480;37290;5000
40;09476;Bayern;Oberfranken;Kronach;69760;35280;1160;33310;/;5940;17360;10260;1240;8390;23880;3010
40;09477;Bayern;Oberfranken;Kulmbach;73110;37710;1510;33880;/;6550;18120;11440;1060;5280;27740;4690
40;09478;Bayern;Oberfranken;Lichtenfels;66420;34730;1420;30270;630;6500;16300;10080;1230;6690;24710;3340
40;09479;Bayern;Oberfranken;Wunsiedel i.Fichtelgebirge;75860;36110;1810;37930;/;6280;16790;11560;1060;6550;25480;4070
20;095;Bayern;Mittelfranken;Gesamt;1669830;867660;35020;767150;11830;171160;420730;235970;27980;157720;547230;162700
40;09561;Bayern;Mittelfranken;Ansbach, Stadt;39030;20390;930;17710;/;4230;9170;6230;530;3760;13380;3260
40;09562;Bayern;Mittelfranken;Erlangen, Stadt;103100;51870;2140;49090;/;10810;25600;13140;1860;9830;25340;16700
40;09563;Bayern;Mittelfranken;Fürth, Stadt;114910;60400;3530;50980;830;11670;31830;14730;1330;13220;34980;12200
40;09564;Bayern;Mittelfranken;Nürnberg, Stadt;482440;239160;14400;228890;2500;52150;117560;59540;7400;49300;131170;58690
40;09565;Bayern;Mittelfranken;Schwabach, Stadt;38350;19940;780;17630;/;3900;9940;5180;730;3590;12830;3520
40;09571;Bayern;Mittelfranken;Ansbach;177070;93830;2850;80390;1570;18360;44760;25950;3200;16880;67650;9300
40;09572;Bayern;Mittelfranken;Erlangen-Höchstadt;129600;69480;1530;58590;930;12220;33520;20550;2270;10450;43850;15180
40;09573;Bayern;Mittelfranken;Fürth;112450;61020;1920;49510;1100;10090;29880;17370;2580;10080;41070;9880
40;09574;Bayern;Mittelfranken;Nürnberger Land;162790;84970;2280;75540;1220;15460;40930;24560;2790;12910;57500;14550
40;09575;Bayern;Mittelfranken;Neustadt a.d.Aisch-Bad Windsheim;96960;52660;1800;42500;730;10270;24100;15520;2050;9480;36950;6230
40;09576;Bayern;Mittelfranken;Roth;122220;65660;1380;55180;1140;12410;31810;18470;1840;9600;47960;8100
40;09577;Bayern;Mittelfranken;Weißenburg-Gunzenhausen;90900;48270;1480;41150;940;9590;21640;14720;1380;8600;34560;5110
20;096;Bayern;Unterfranken;Gesamt;1290990;675890;22410;592700;11330;135640;312020;196790;20110;125670;459790;90430
40;09661;Bayern;Unterfranken;Aschaffenburg, Stadt;66760;34290;1560;30910;/;6590;16970;9030;1170;6590;21830;5870
40;09662;Bayern;Unterfranken;Schweinfurt, Stadt;51350;23910;1890;25550;/;4900;10510;7030;1150;5860;14790;3270
40;09663;Bayern;Unterfranken;Würzburg, Stadt;122540;59520;3170;59850;/;16290;25150;15250;2150;13710;29730;16080
40;09671;Bayern;Unterfranken;Aschaffenburg;172550;92450;2220;77880;1670;18010;42270;27180;3320;17260;62950;12240
40;09672;Bayern;Unterfranken;Bad Kissingen;102500;52290;1390;48810;1020;10210;24080;15530;1450;8410;38730;5150
40;09673;Bayern;Unterfranken;Rhön-Grabfeld;80010;41810;1340;36850;770;8110;19660;12400;860;6980;30670;4160
40;09674;Bayern;Unterfranken;Haßberge;84170;44970;1360;37840;750;9280;20840;13130;970;10000;31060;3910
40;09675;Bayern;Unterfranken;Kitzingen;86790;46020;1740;39030;920;9270;20580;13760;1490;8640;32540;4840
40;09676;Bayern;Unterfranken;Miltenberg;128000;67470;2270;58260;1090;12430;32960;19150;1840;12460;47760;7250
40;09677;Bayern;Unterfranken;Main-Spessart;126580;67200;1900;57490;1280;12850;30810;20160;2100;13090;47270;6830
40;09678;Bayern;Unterfranken;Schweinfurt;112170;60990;2030;49140;900;11720;27290;19420;1650;9690;44010;7290
40;09679;Bayern;Unterfranken;Würzburg;157580;84960;1540;71090;1390;15980;40870;24740;1970;12980;58450;13530
20;097;Bayern;Schwaben;Gesamt;1765540;932890;29450;803200;18030;187740;437730;251840;37560;164040;636110;132750
40;09761;Bayern;Schwaben;Augsburg, Stadt;265010;134330;7780;122910;1890;29960;61460;34030;6990;28250;77410;28670
40;09762;Bayern;Schwaben;Kaufbeuren, Stadt;40890;20620;1080;19190;410;4000;9440;6010;770;4250;13390;2990
40;09763;Bayern;Schwaben;Kempten (Allgäu), Stadt;63220;31250;1520;30440;/;7340;14210;8200;1260;6520;19740;4990
40;09764;Bayern;Schwaben;Memmingen, Stadt;40900;21050;770;19080;/;4120;9900;5770;910;4800;13330;2920
40;09771;Bayern;Schwaben;Aichach-Friedberg;125510;68770;1480;55270;1380;12920;33930;18040;2490;10060;48730;9980
40;09772;Bayern;Schwaben;Augsburg;236480;124860;3650;107980;2290;24410;59780;34230;4150;19300;86870;18690
40;09773;Bayern;Schwaben;Dillingen a.d.Donau;92350;50950;1400;40010;1140;11150;22720;14420;1510;9820;36480;4650
40;09774;Bayern;Schwaben;Günzburg;118210;62610;1510;54090;1250;12100;29930;17370;1950;12210;44220;6170
40;09775;Bayern;Schwaben;Neu-Ulm;163020;86440;2370;74200;1520;17940;41140;23540;2300;16430;57020;13000
40;09776;Bayern;Schwaben;Lindau (Bodensee);77780;40660;1050;36070;700;7140;19250;11550;2010;6830;27080;6750
40;09777;Bayern;Schwaben;Ostallgäu;133150;71580;1660;59920;1470;13760;33310;19290;3750;10350;52370;8860
40;09778;Bayern;Schwaben;Unterallgäu;134460;72100;1530;60830;1590;14640;32450;20290;3130;12230;52200;7660
40;09779;Bayern;Schwaben;Donau-Ries;126440;67280;1800;57370;1610;13300;32120;17720;2520;11460;48610;7200
40;09780;Bayern;Schwaben;Oberallgäu;148110;80410;1850;65860;2190;14940;38080;21380;3810;11520;58660;10230
10;10;Saarland;Gesamt;Gesamt;993500;478750;23760;490980;4290;91470;223760;145950;13290;96120;306560;76070
40;10041;Saarland;Gesamt;Regionalverband Saarbrücken;325550;154410;9850;161290;1200;30940;71650;45960;4650;32950;91200;30260
40;10042;Saarland;Gesamt;Merzig-Wadern;102660;52200;1930;48530;840;9520;24590;15300;1950;10180;35050;6970
40;10043;Saarland;Gesamt;Neunkirchen;134410;64370;3430;66610;740;12560;30100;19270;1700;14020;42660;7690
40;10044;Saarland;Gesamt;Saarlouis;196170;93520;4260;98380;680;18100;43090;29320;2340;18020;62450;13050
40;10045;Saarland;Gesamt;Saarpfalz-Kreis;144900;69640;2640;72620;490;12210;33210;22060;1670;13480;44500;11660
40;10046;Saarland;Gesamt;St. Wendel;89800;44610;1650;43550;340;8140;21120;14040;970;7470;30700;6440
10;11;Berlin;Gesamt;Gesamt;3269260;1573880;158990;1536390;8060;333770;792070;392990;46990;308120;775120;490650
40;11000;Berlin;Gesamt;Berlin, Stadt;3269260;1573880;158990;1536390;8060;333770;792070;392990;46990;308120;775120;490650
10;12;Brandenburg;Gesamt;Gesamt;2439110;1251270;90450;1097380;6940;215890;594850;399450;34140;128650;878590;244030
40;12051;Brandenburg;Gesamt;Brandenburg an der Havel, Stadt;70560;34140;3290;33140;/;7580;15190;10510;790;3920;24290;5930
40;12052;Brandenburg;Gesamt;Cottbus, Stadt;98890;48550;4120;46220;/;10010;21080;15870;1390;5430;31980;11140
40;12053;Brandenburg;Gesamt;Frankfurt (Oder), Stadt;58600;28660;3160;26780;/;5840;12660;9540;470;3440;18980;6240
40;12054;Brandenburg;Gesamt;Potsdam, Stadt;154740;86370;4720;63650;/;19250;43040;21210;2420;10630;48810;26930
40;12060;Brandenburg;Gesamt;Barnim;170800;90340;5580;74890;470;14780;43910;28510;2680;9440;62500;18390
40;12061;Brandenburg;Gesamt;Dahme-Spreewald;159210;83550;4290;71370;360;13540;41490;25960;2200;7890;58670;17000
40;12062;Brandenburg;Gesamt;Elbe-Elster;109730;52760;5690;51280;/;9950;23360;17940;1130;4350;41670;6750
40;12063;Brandenburg;Gesamt;Havelland;151750;77560;4550;69640;410;12250;38720;23780;2400;8970;53510;15080
40;12064;Brandenburg;Gesamt;Märkisch-Oderland;186330;96690;7340;82310;460;15320;47030;31450;2420;9040;69090;18560
40;12065;Brandenburg;Gesamt;Oberhavel;200010;104430;6290;89280;780;16840;51820;31980;3020;11500;72080;20850
40;12066;Brandenburg;Gesamt;Oberspreewald-Lausitz;117300;54700;5390;57210;410;9450;25240;17760;1850;4920;41360;8420
40;12067;Brandenburg;Gesamt;Oder-Spree;176800;90480;6300;80020;530;14810;40750;31650;2740;9050;64250;17180
40;12068;Brandenburg;Gesamt;Ostprignitz-Ruppin;99100;49100;4120;45880;/;8750;23090;16180;800;5280;36940;6880
40;12069;Brandenburg;Gesamt;Potsdam-Mittelmark;201680;110400;4600;86680;640;15670;54730;35980;3370;11010;71180;28210
40;12070;Brandenburg;Gesamt;Prignitz;79870;38890;4110;36870;/;6800;16880;14000;1050;4240;29580;5070
40;12071;Brandenburg;Gesamt;Spree-Neiße;121730;61340;5690;54700;/;10350;27210;21730;1670;5100;46490;9750
40;12072;Brandenburg;Gesamt;Teltow-Fläming;158250;83850;4400;70000;570;14610;41430;24960;2280;8830;61860;13170
40;12073;Brandenburg;Gesamt;Uckermark;123750;59460;6820;57470;/;10090;27220;20460;1460;5620;45350;8500
10;13;Mecklenburg-Vorpommern;Gesamt;Gesamt;1585740;780810;69280;735650;3650;153210;360750;246270;16930;79570;564520;136730
40;13001;Mecklenburg-Vorpommern;Gesamt;Greifswald;54740;26270;2610;25860;/;7450;11150;7220;/;3710;15840;6720
40;13002;Mecklenburg-Vorpommern;Gesamt;Neubrandenburg;63020;30510;4320;28180;/;7720;12410;9830;/;3740;20770;6000
40;13003;Mecklenburg-Vorpommern;Gesamt;Rostock;197400;94050;9570;93780;/;24860;43570;23320;1910;12190;58470;23400
40;13004;Mecklenburg-Vorpommern;Gesamt;Schwerin;89810;44340;3970;41500;/;10230;19320;13720;990;5390;29160;9790
40;13005;Mecklenburg-Vorpommern;Gesamt;Stralsund;55530;24210;2370;28960;/;5140;11230;7170;610;2710;16910;4590
40;13006;Mecklenburg-Vorpommern;Gesamt;Wismar;41640;18020;1850;21780;/;4250;8480;4860;/;2380;12580;3070
40;13051;Mecklenburg-Vorpommern;Gesamt;Bad Doberan;113870;59980;3310;50580;/;8760;29460;20120;1360;4580;42060;13340
40;13052;Mecklenburg-Vorpommern;Gesamt;Demmin;76790;34790;4920;37090;/;5880;16640;11580;/;2640;27760;4390
40;13053;Mecklenburg-Vorpommern;Gesamt;Güstrow;95180;45310;5040;44830;/;7680;21330;14990;970;3830;34660;6820
40;13054;Mecklenburg-Vorpommern;Gesamt;Ludwigslust;118970;64080;3560;51330;/;11870;29270;21100;1580;6810;48420;8850
40;13055;Mecklenburg-Vorpommern;Gesamt;Mecklenburg-Strelitz;74790;37250;3690;33860;/;6030;17930;12040;1010;3190;27990;6070
40;13056;Mecklenburg-Vorpommern;Gesamt;Müritz;62840;31790;2720;28330;/;5730;14950;10550;/;3740;23380;4680
40;13057;Mecklenburg-Vorpommern;Gesamt;Nordvorpommern;102180;49240;4230;48710;/;8320;23230;16340;1110;3880;38340;7020
40;13058;Mecklenburg-Vorpommern;Gesamt;Nordwestmecklenburg;112870;59790;3700;49380;/;10270;29350;18660;1180;5550;44870;9370
40;13059;Mecklenburg-Vorpommern;Gesamt;Ostvorpommern;101230;49510;4050;47680;/;9330;22150;16590;1280;4600;37790;7120
40;13060;Mecklenburg-Vorpommern;Gesamt;Parchim;91820;47470;3660;40690;/;7640;21530;16310;1710;4170;35920;7370
40;13061;Mecklenburg-Vorpommern;Gesamt;Rügen;64780;33120;1880;29780;/;6280;14270;11500;950;3410;25570;4140
40;13062;Mecklenburg-Vorpommern;Gesamt;Uecker-Randow;68280;31100;3840;33340;/;5770;14480;10370;330;3060;24040;4000
10;14;Sachsen;Gesamt;Gesamt;4008600;1998650;151990;1857950;13000;379890;920370;611760;73640;197080;1407230;394340
20;145;Sachsen;Chemnitz;Gesamt;1483190;734840;52190;696160;5170;129280;331370;241520;27500;64360;555050;115420
40;14511;Sachsen;Chemnitz;Chemnitz, Stadt;236440;110590;9860;115990;/;21060;50100;34750;4030;11130;74940;24520
40;14521;Sachsen;Chemnitz;Erzgebirgskreis;359500;181980;12700;164820;1350;31420;80320;61940;6940;14850;143270;23860
40;14522;Sachsen;Chemnitz;Mittelsachsen;318210;162080;10020;146110;1250;28160;73840;52600;6230;13410;123980;24690
40;14523;Sachsen;Chemnitz;Vogtlandkreis;236960;116950;8780;111220;690;19980;53510;38970;3810;9370;89420;18170
40;14524;Sachsen;Chemnitz;Zwickau;332090;163230;10840;158020;1230;28640;73610;53260;6490;15610;123440;24180
20;146;Sachsen;Dresden;Gesamt;1573130;787330;57110;728690;5180;152230;365950;235050;28910;79610;538650;169060
40;14612;Sachsen;Dresden;Dresden, Stadt;506900;259930;16990;229980;1210;64800;120850;63530;9530;31330;148430;80170
40;14625;Sachsen;Dresden;Bautzen;311480;157360;11980;142140;1090;26440;73900;50250;5690;13920;119050;24380
40;14626;Sachsen;Dresden;Görlitz;265950;124830;11470;129650;1090;20940;55300;42190;5310;12050;93260;19530
40;14627;Sachsen;Dresden;Meißen;244860;121550;8670;114650;920;19290;57910;39270;4170;10750;87610;23190
40;14628;Sachsen;Dresden;Sächsische Schweiz-Osterzgebirge;243930;123660;8000;112270;870;20760;57990;39820;4230;11570;90300;21790
20;147;Sachsen;Leipzig;Gesamt;952280;476490;42690;433110;2650;98380;223050;135190;17220;53110;313530;109850
40;14713;Sachsen;Leipzig;Leipzig, Stadt;494070;240960;23810;229300;/;57860;113710;58740;9490;30480;140420;70060
40;14729;Sachsen;Leipzig;Leipzig;259110;133310;9220;116580;730;22870;62670;42660;4380;11600;97890;23830
40;14730;Sachsen;Leipzig;Nordsachsen;199100;102210;9660;87230;760;17640;46670;33780;3360;11030;75220;15970
10;15;Sachsen-Anhalt;Gesamt;Gesamt;2267600;1092210;101010;1074390;5710;200540;509090;348630;28230;110470;793480;188260
40;15001;Sachsen-Anhalt;Gesamt;Dessau-Roßlau, Stadt;85590;39350;4790;41460;/;6840;17630;13440;1130;3910;27430;8000
40;15002;Sachsen-Anhalt;Gesamt;Halle (Saale), Stadt;227670;100220;10210;117250;/;23890;46300;27640;2100;15190;59680;25340
40;15003;Sachsen-Anhalt;Gesamt;Magdeburg, Landeshauptstadt;226780;111840;9730;105210;/;24160;52490;30720;3910;12310;70910;28620
40;15081;Sachsen-Anhalt;Gesamt;Altmarkkreis Salzwedel;87180;44370;2750;40070;260;7790;20370;14400;1550;4630;33890;5840
40;15082;Sachsen-Anhalt;Gesamt;Anhalt-Bitterfeld;170670;82270;8000;80400;550;15340;38000;25900;2480;8370;61990;11910
40;15083;Sachsen-Anhalt;Gesamt;Börde;174870;92810;5410;76660;/;15010;45310;30000;2240;8210;70530;14060
40;15084;Sachsen-Anhalt;Gesamt;Burgenlandkreis;188120;89050;10410;88660;/;16290;40310;29650;2350;6960;69370;12720
40;15085;Sachsen-Anhalt;Gesamt;Harz;223870;108130;8910;106830;690;18360;49970;36480;2630;10030;80700;17400
40;15086;Sachsen-Anhalt;Gesamt;Jerichower Land;92820;46590;3510;42720;/;7890;21340;16090;1140;4190;34830;7570
40;15087;Sachsen-Anhalt;Gesamt;Mansfeld-Südharz;146820;64920;7400;74500;340;10620;30200;21900;1860;6640;48570;9710
40;15088;Sachsen-Anhalt;Gesamt;Saalekreis;190220;96640;8150;85430;520;16190;45610;31800;2520;8430;71120;17090
40;15089;Sachsen-Anhalt;Gesamt;Salzlandkreis;203400;96070;10390;96930;780;17050;46320;29850;2070;9900;73000;13170
40;15090;Sachsen-Anhalt;Gesamt;Stendal;117530;55380;5230;56910;/;9360;26010;18970;770;5770;41180;8420
40;15091;Sachsen-Anhalt;Gesamt;Wittenberg;132050;64580;6100;61370;290;11770;29220;21800;1500;5930;50260;8390
10;16;Thüringen;Gesamt;Gesamt;2173030;1118840;72190;982000;6340;211320;509670;356760;34760;106720;812990;199140
40;16051;Thüringen;Gesamt;Erfurt, Stadt;199750;103200;8170;88380;/;24030;45490;29360;3810;11600;62790;28810
40;16052;Thüringen;Gesamt;Gera, Stadt;94880;47360;3700;43820;/;8610;21070;15890;1590;4520;33720;9120
40;16053;Thüringen;Gesamt;Jena, Stadt;105370;53870;3240;48270;/;14480;23590;14470;1250;7290;26670;19910
40;16054;Thüringen;Gesamt;Suhl, Stadt;36810;19340;910;16560;/;3080;8360;7040;680;1500;14020;3830
40;16055;Thüringen;Gesamt;Weimar, Stadt;62430;31160;2220;29050;/;7070;13910;8930;1090;3970;17620;9570
40;16056;Thüringen;Gesamt;Eisenach, Stadt;41250;21330;1380;18530;/;4010;9190;7170;840;2280;15410;3630
40;16061;Thüringen;Gesamt;Eichsfeld;101530;54320;2840;44380;450;11500;25040;16370;960;4610;43110;6600
40;16062;Thüringen;Gesamt;Nordhausen;86580;41730;3130;41720;/;7810;19180;13410;1220;3850;31670;6210
40;16063;Thüringen;Gesamt;Wartburgkreis;127990;68180;3100;56720;/;12870;31990;20660;2160;5770;54590;7820
40;16064;Thüringen;Gesamt;Unstrut-Hainich-Kreis;105200;53750;5080;46380;410;10010;25380;16560;1380;5320;40930;7500
40;16065;Thüringen;Gesamt;Kyffhäuserkreis;79540;37390;3780;38380;/;7040;17600;11850;710;3500;28840;5040
40;16066;Thüringen;Gesamt;Schmalkalden-Meiningen;126520;67290;3640;55590;470;11820;29910;21950;3140;6610;50330;10350
40;16067;Thüringen;Gesamt;Gotha;135010;71100;4290;59630;/;13490;33420;22110;1760;6220;54340;10540
40;16068;Thüringen;Gesamt;Sömmerda;71420;36810;3100;31510;/;6380;17460;11750;990;4420;26790;5610
40;16069;Thüringen;Gesamt;Hildburghausen;65690;36360;1460;27880;/;6980;16500;11860;790;3200;28200;4950
40;16070;Thüringen;Gesamt;Ilm-Kreis;109850;54800;3520;51520;/;9180;25140;18440;1620;4690;39710;10410
40;16071;Thüringen;Gesamt;Weimarer Land;82090;42730;2510;36860;/;7290;20010;14280;1000;3200;32320;7210
40;16072;Thüringen;Gesamt;Sonneberg;58610;31920;1070;25620;/;5070;14330;11090;1330;2790;24580;4550
40;16073;Thüringen;Gesamt;Saalfeld-Rudolstadt;112390;58100;3390;50900;/;9980;25860;19770;2160;4800;44490;8800
40;16074;Thüringen;Gesamt;Saale-Holzland-Kreis;84320;44460;2460;37400;/;7180;20380;15340;1260;3570;32470;8430
40;16075;Thüringen;Gesamt;Saale-Orla-Kreis;84930;45370;1930;37630;/;7920;19800;15650;1680;4520;34900;5940
40;16076;Thüringen;Gesamt;Greiz;104510;53610;3070;47830;/;7990;25420;18090;1800;4470;41270;7880
40;16077;Thüringen;Gesamt;Altenburger Land;96340;44660;4210;47470;/;7520;20640;14710;1530;4020;34210;6430
